{
    "execution_time": 5824.258974075317,
    "encoder": {
        "input_shape": 144,
        "intermediate_layers": 2
    },
    "decoder": {
        "interface_size": 48,
        "output_shape": 144,
        "intermediate_layers": 2
    },
    "val_mae": 0.030176350846886635,
    "train_mae": 0.026051994413137436
}