{
    "execution_time": 190.51794242858887,
    "encoder": {
        "input_shape": 144,
        "intermediate_layers": 2
    },
    "decoder": {
        "interface_size": 48,
        "output_shape": 144,
        "intermediate_layers": 2
    },
    "val_mae": 0.5666192770004272,
    "train_mae": 0.11984630674123764
}